id,session_id,iki_variance,backspace_ratio,dwell_time,mouse_activity,app_switch_rate,fatigue_label
12,4b708a3f,842.3651,0.0,0.1789,358,7,5
13,2702b0ca,3.1488,0.3,0.1268,532,9,3
14,2702b0ca,0.0274,0.0,0.0935,532,9,3
15,2702b0ca,0.0115,0.0,0.0983,532,9,3
16,2702b0ca,0.0562,0.5,0.0764,532,9,3
17,2702b0ca,30.9284,0.0,0.1871,532,9,3
18,c748451e,1182.182,0.0,0.4011,1225,7,2
19,c748451e,23.2466,0.0,0.3782,1225,7,2
20,c748451e,1106.1157,0.0,0.3805,1225,7,2
21,00495c7f,106.7756,0.0,0.1775,449,5,3
611,7fc69ad3,0.0045,0.0,0.1,1198,42,3
612,7fc69ad3,181.4834,0.0,0.0821,1198,42,3
613,7fc69ad3,222.7706,0.0,0.2484,1198,42,3
614,7fc69ad3,93.4257,0.0,0.2748,1198,42,3
615,7fc69ad3,0.028,0.0,0.0937,1198,42,3
616,7fc69ad3,0.0212,0.0,0.0815,1198,42,3
617,7fc69ad3,0.0079,0.0,0.0852,1198,42,3
618,7fc69ad3,0.0263,0.1,0.0834,1198,42,3
619,7fc69ad3,0.0188,0.0,0.0814,1198,42,3
620,7fc69ad3,359.274,0.0,0.0917,1198,42,3
621,7fc69ad3,0.275,0.5,0.1456,1198,42,3
622,7fc69ad3,25.3486,0.0,0.6013,1198,42,3
623,7fc69ad3,235.3205,0.3,0.2531,1198,42,3
624,7fc69ad3,52.3098,0.6,0.1491,1198,42,3
625,7fc69ad3,0.0046,0.0,0.1087,1198,42,3
626,7fc69ad3,0.0412,0.0,0.1087,1198,42,3
627,7fc69ad3,0.0154,0.0,0.0935,1198,42,3
628,7fc69ad3,0.0782,0.0,0.0964,1198,42,3
629,7fc69ad3,0.244,0.1,0.0998,1198,42,3
630,7fc69ad3,0.0659,0.0,0.0994,1198,42,3
631,7fc69ad3,0.0037,0.0,0.1066,1198,42,3
632,7fc69ad3,0.0386,0.0,0.0988,1198,42,3
633,7fc69ad3,306.1712,0.0,0.0991,1198,42,3
634,7fc69ad3,71.0569,0.0,0.1041,1198,42,3
635,7fc69ad3,0.3367,0.0,0.1254,1198,42,3
636,7fc69ad3,0.0148,0.0,0.0986,1198,42,3
637,7fc69ad3,0.003,0.0,0.1003,1198,42,3
638,7fc69ad3,0.0125,0.0,0.0986,1198,42,3
639,7fc69ad3,128.3769,0.0,0.1167,1198,42,3
640,21a31ee0,8.3283,0.0,0.2487,1700,57,5
641,21a31ee0,98.3107,0.0,0.1899,1700,57,5
642,21a31ee0,0.0363,0.0,0.1042,1700,57,5
643,21a31ee0,0.006,0.0,0.0983,1700,57,5
644,21a31ee0,348.7611,0.0,0.1132,1700,57,5
645,21a31ee0,80.9746,0.0,0.2252,1700,57,5
646,21a31ee0,90.4862,0.0,0.4509,1700,57,5
647,21a31ee0,149.563,0.2,0.1478,1700,57,5
648,21a31ee0,1.3418,0.3,0.0862,1700,57,5
649,21a31ee0,14.8045,0.0,0.2874,1700,57,5
650,21a31ee0,118.9016,0.0,0.1927,1700,57,5
651,21a31ee0,0.12,0.0,0.1143,1700,57,5
652,21a31ee0,0.0143,0.0,0.1121,1700,57,5
653,21a31ee0,111.1706,0.0,0.2545,1700,57,5
654,21a31ee0,0.0086,0.0,0.1041,1700,57,5
655,21a31ee0,5.6555,0.0,0.1926,1700,57,5
656,21a31ee0,0.1328,0.0,0.1434,1700,57,5
657,21a31ee0,2.9433,0.0,0.2013,1700,57,5
658,21a31ee0,4.2016,0.0,0.1817,1700,57,5
659,21a31ee0,0.8816,0.0,0.1619,1700,57,5
660,21a31ee0,4.7715,0.0,0.206,1700,57,5
661,21a31ee0,118.6099,0.3,0.4857,1700,57,5
662,21a31ee0,29.1654,0.4,0.0892,1700,57,5
663,21a31ee0,3.9669,0.5,0.091,1700,57,5
664,21a31ee0,1753.2749,0.1,0.1322,1700,57,5
665,21a31ee0,1.2216,0.0,0.0967,1700,57,5
666,21a31ee0,0.0117,0.0,0.1085,1700,57,5
667,21a31ee0,0.006,0.0,0.1058,1700,57,5
668,21a31ee0,0.2034,0.0,0.0896,1700,57,5
669,21a31ee0,0.1227,0.0,0.0979,1700,57,5
670,21a31ee0,0.0564,0.0,0.0996,1700,57,5
671,21a31ee0,0.0079,0.0,0.0852,1700,57,5
672,21a31ee0,0.1201,0.3,0.0935,1700,57,5
673,21a31ee0,0.0686,0.0,0.0925,1700,57,5
674,21a31ee0,0.0554,0.0,0.0981,1700,57,5
675,21a31ee0,0.0142,0.0,0.1037,1700,57,5
676,21a31ee0,0.0049,0.0,0.0839,1700,57,5
677,21a31ee0,0.0029,0.0,0.0977,1700,57,5
678,21a31ee0,0.003,0.0,0.0874,1700,57,5
679,73251e5a,0.1878,0.1,0.0978,1766,46,8
680,73251e5a,0.0301,0.0,0.1033,1766,46,8
681,73251e5a,0.0092,0.0,0.1016,1766,46,8
682,73251e5a,0.0087,0.0,0.0934,1766,46,8
683,73251e5a,0.0754,0.0,0.103,1766,46,8
684,73251e5a,0.0337,0.0,0.101,1766,46,8
685,73251e5a,0.0322,0.0,0.0976,1766,46,8
686,73251e5a,0.0338,0.1,0.094,1766,46,8
687,73251e5a,0.1266,0.0,0.0903,1766,46,8
688,73251e5a,72.875,0.0,0.1124,1766,46,8
689,73251e5a,0.0923,0.0,0.1082,1766,46,8
690,73251e5a,0.049,0.0,0.1023,1766,46,8
691,73251e5a,0.0236,0.0,0.103,1766,46,8
692,73251e5a,449.2921,0.0,0.1142,1766,46,8
693,73251e5a,0.0617,0.0,0.0955,1766,46,8
694,73251e5a,0.8514,0.0,0.1073,1766,46,8
695,73251e5a,0.4544,0.0,0.103,1766,46,8
696,73251e5a,0.0698,0.0,0.1078,1766,46,8
697,73251e5a,0.5386,0.0,0.0999,1766,46,8
698,73251e5a,0.0208,0.0,0.1002,1766,46,8
699,73251e5a,0.2967,0.0,0.0937,1766,46,8
700,73251e5a,0.8435,0.0,0.0908,1766,46,8
701,73251e5a,579.1221,0.0,0.0995,1766,46,8
702,73251e5a,0.0158,0.0,0.0879,1766,46,8
703,73251e5a,287.0657,0.1,0.3199,1766,46,8
704,73251e5a,0.0346,0.0,0.1271,1766,46,8
705,73251e5a,0.1725,0.0,0.1029,1766,46,8
706,73251e5a,0.0174,0.0,0.0959,1766,46,8
707,73251e5a,0.0022,0.0,0.0936,1766,46,8
708,73251e5a,0.0343,0.0,0.1013,1766,46,8
709,73251e5a,1.093,0.0,0.0938,1766,46,8
710,73251e5a,0.0065,0.0,0.098,1766,46,8
711,73251e5a,0.0049,0.0,0.0989,1766,46,8
712,73251e5a,0.0181,0.0,0.091,1766,46,8
713,73251e5a,0.1019,0.0,0.0923,1766,46,8
714,73251e5a,0.0053,0.0,0.0959,1766,46,8
715,73251e5a,0.0372,0.2,0.0942,1766,46,8
716,73251e5a,0.0372,0.0,0.079,1766,46,8
717,73251e5a,0.0425,0.2,0.0906,1766,46,8
718,73251e5a,176.529,0.0,0.1001,1766,46,8
719,73251e5a,0.0153,0.0,0.0955,1766,46,8
720,73251e5a,0.036,0.0,0.0974,1766,46,8
721,73251e5a,0.2898,0.0,0.0964,1766,46,8
722,73251e5a,0.032,0.0,0.0956,1766,46,8
723,73251e5a,37.2637,0.0,0.1009,1766,46,8
724,73251e5a,0.0966,0.0,0.1015,1766,46,8
725,73251e5a,0.0072,0.0,0.0966,1766,46,8
726,73251e5a,0.0365,0.0,0.0913,1766,46,8
727,73251e5a,0.0946,0.0,0.0875,1766,46,8
728,73251e5a,0.0114,0.0,0.0898,1766,46,8
729,73251e5a,0.1141,0.2,0.0852,1766,46,8
730,73251e5a,0.0101,0.0,0.0951,1766,46,8
731,73251e5a,0.0435,0.1,0.0914,1766,46,8
732,73251e5a,0.0089,0.0,0.0957,1766,46,8
733,73251e5a,333.5358,0.0,0.1143,1766,46,8
734,73251e5a,0.0088,0.0,0.1093,1766,46,8
735,73251e5a,0.0023,0.0,0.0908,1766,46,8
736,73251e5a,0.007,0.0,0.098,1766,46,8
737,73251e5a,0.0051,0.0,0.0967,1766,46,8
738,73251e5a,0.0072,0.0,0.1017,1766,46,8
739,73251e5a,0.0566,0.1,0.0953,1766,46,8
740,73251e5a,62.8965,0.0,0.2092,1766,46,8
741,73251e5a,345.3836,0.0,0.28,1766,46,8
742,73251e5a,196.2333,0.0,0.294,1766,46,8
743,73251e5a,88.4184,0.0,0.2074,1766,46,8
744,73251e5a,0.1441,0.0,0.1131,1766,46,8
745,73251e5a,0.2814,0.0,0.1109,1766,46,8
746,73251e5a,93.5842,0.0,0.1083,1766,46,8
747,73251e5a,0.0399,0.0,0.1064,1766,46,8
748,73251e5a,0.0056,0.0,0.1004,1766,46,8
749,73251e5a,0.0243,0.0,0.0928,1766,46,8
750,73251e5a,0.399,0.0,0.1007,1766,46,8
751,73251e5a,0.0263,0.0,0.0935,1766,46,8
752,73251e5a,0.0118,0.0,0.1,1766,46,8
753,73251e5a,0.0107,0.0,0.0944,1766,46,8
754,73251e5a,0.2521,0.0,0.0916,1766,46,8
755,73251e5a,0.0537,0.0,0.0949,1766,46,8
756,73251e5a,0.0167,0.0,0.0925,1766,46,8
757,73251e5a,0.2825,0.0,0.0958,1766,46,8
758,73251e5a,0.0206,0.0,0.0904,1766,46,8
759,73251e5a,0.0122,0.0,0.092,1766,46,8
760,73251e5a,0.0352,0.0,0.0901,1766,46,8
761,73251e5a,0.0105,0.0,0.0861,1766,46,8
762,73251e5a,0.0735,0.1,0.0969,1766,46,8
763,73251e5a,0.0061,0.0,0.1008,1766,46,8
764,73251e5a,262.5019,0.0,0.1981,1766,46,8
765,73251e5a,34.0773,0.0,0.2751,1766,46,8
766,73251e5a,0.1485,0.0,0.1167,1766,46,8
767,73251e5a,0.0857,0.0,0.1041,1766,46,8
768,73251e5a,0.1498,0.0,0.1052,1766,46,8
769,73251e5a,0.0253,0.0,0.1092,1766,46,8
770,73251e5a,0.4193,0.0,0.1839,1766,46,8
771,73251e5a,0.0212,0.0,0.1071,1766,46,8
772,73251e5a,0.0161,0.0,0.1044,1766,46,8
773,73251e5a,0.0049,0.0,0.1097,1766,46,8
774,73251e5a,0.0924,0.0,0.1023,1766,46,8
775,73251e5a,1.2731,0.1,0.0966,1766,46,8
776,73251e5a,0.112,0.0,0.1016,1766,46,8
777,73251e5a,0.0618,0.0,0.1033,1766,46,8
778,73251e5a,0.0125,0.0,0.0988,1766,46,8
779,73251e5a,0.016,0.0,0.0984,1766,46,8
780,73251e5a,0.1129,0.0,0.0968,1766,46,8
781,73251e5a,167.9756,0.0,0.111,1766,46,8
782,73251e5a,0.0249,0.4,0.0991,1766,46,8
783,73251e5a,0.0311,0.2,0.0921,1766,46,8
784,73251e5a,0.016,0.0,0.1109,1766,46,8
785,73251e5a,0.0278,0.0,0.0943,1766,46,8
786,73251e5a,1.9055,0.0,0.1151,1766,46,8
787,73251e5a,0.035,0.0,0.0958,1766,46,8
788,73251e5a,0.0126,0.0,0.1008,1766,46,8
789,73251e5a,0.0059,0.0,0.0994,1766,46,8
790,73251e5a,0.0053,0.0,0.1107,1766,46,8
791,73251e5a,0.0104,0.0,0.094,1766,46,8
792,73251e5a,0.0312,0.0,0.0913,1766,46,8
793,73251e5a,0.0044,0.0,0.0983,1766,46,8
794,73251e5a,1240.0925,0.0,0.2024,1766,46,8
795,73251e5a,60.4681,0.0,0.1521,1766,46,8
796,73251e5a,0.008,0.0,0.1152,1766,46,8
797,73251e5a,0.0085,0.0,0.1208,1766,46,8
798,73251e5a,7.5541,0.0,0.1161,1766,46,8
799,73251e5a,0.1271,0.1,0.0972,1766,46,8
800,73251e5a,0.0099,0.0,0.0922,1766,46,8
801,73251e5a,0.0061,0.0,0.098,1766,46,8
802,73251e5a,0.0172,0.0,0.0976,1766,46,8
803,73251e5a,0.0104,0.0,0.1025,1766,46,8
804,73251e5a,0.0124,0.0,0.1191,1766,46,8
805,73251e5a,13.2164,0.0,0.1077,1766,46,8
806,73251e5a,0.0078,0.0,0.1072,1766,46,8
807,73251e5a,0.1185,0.0,0.0979,1766,46,8
808,73251e5a,0.0559,0.0,0.1021,1766,46,8
809,73251e5a,0.2882,0.0,0.1198,1766,46,8
810,73251e5a,0.0112,0.0,0.1044,1766,46,8
811,73251e5a,0.0172,0.0,0.091,1766,46,8
812,73251e5a,0.0209,0.1,0.0962,1766,46,8
813,73251e5a,0.0108,0.0,0.1064,1766,46,8
814,73251e5a,622.5601,0.3,0.1398,1766,46,8
815,73251e5a,0.3374,0.0,0.0976,1766,46,8
816,73251e5a,1.2552,0.0,0.1772,1766,46,8
817,73251e5a,0.0105,0.0,0.102,1766,46,8
818,73251e5a,6.9569,0.0,0.2872,1766,46,8
819,73251e5a,0.2174,0.0,0.1391,1766,46,8
820,73251e5a,0.3024,0.0,0.1354,1766,46,8
821,73251e5a,6.7131,0.0,0.2681,1766,46,8
822,73251e5a,0.0255,0.0,0.1072,1766,46,8
823,73251e5a,1.253,0.0,0.1415,1766,46,8
824,73251e5a,3.8278,0.0,0.1833,1766,46,8
825,73251e5a,0.0157,0.0,0.1016,1766,46,8
826,73251e5a,0.0332,0.1,0.1015,1766,46,8
827,73251e5a,0.0515,0.0,0.0973,1766,46,8
828,73251e5a,0.0196,0.0,0.1082,1766,46,8
829,73251e5a,0.0156,0.0,0.1013,1766,46,8
830,73251e5a,0.0168,0.0,0.099,1766,46,8
831,73251e5a,0.007,0.0,0.1007,1766,46,8
832,dcfcc7be,0.1446,0.0,0.1183,1695,38,7
833,dcfcc7be,0.0505,0.1,0.1005,1695,38,7
834,dcfcc7be,0.0251,0.0,0.102,1695,38,7
835,dcfcc7be,0.0062,0.0,0.098,1695,38,7
836,dcfcc7be,0.0087,0.0,0.0964,1695,38,7
837,dcfcc7be,0.0668,0.0,0.0972,1695,38,7
838,dcfcc7be,0.1023,0.0,0.0973,1695,38,7
839,dcfcc7be,0.0371,0.0,0.103,1695,38,7
840,dcfcc7be,0.0162,0.0,0.0979,1695,38,7
841,dcfcc7be,1.0656,0.0,0.1045,1695,38,7
842,dcfcc7be,0.1365,0.0,0.0998,1695,38,7
843,dcfcc7be,0.0261,0.0,0.099,1695,38,7
844,dcfcc7be,1.4087,0.0,0.1001,1695,38,7
845,dcfcc7be,0.0428,0.0,0.0936,1695,38,7
846,dcfcc7be,0.3732,0.0,0.1023,1695,38,7
847,dcfcc7be,1.4375,0.7,0.087,1695,38,7
848,dcfcc7be,0.0283,0.4,0.0858,1695,38,7
849,dcfcc7be,0.0157,0.0,0.0964,1695,38,7
850,dcfcc7be,0.0187,0.0,0.1028,1695,38,7
851,dcfcc7be,834.165,0.8,0.0929,1695,38,7
852,dcfcc7be,0.9619,0.5,0.0837,1695,38,7
853,dcfcc7be,54.3291,0.4,0.1771,1695,38,7
854,dcfcc7be,0.1314,0.3,0.1544,1695,38,7
855,dcfcc7be,3.8038,0.6,0.0928,1695,38,7
856,dcfcc7be,0.1773,0.8,0.0768,1695,38,7
857,dcfcc7be,19.056,0.5,0.0763,1695,38,7
858,dcfcc7be,0.0814,0.4,0.1235,1695,38,7
859,dcfcc7be,191.036,0.0,0.1498,1695,38,7
860,dcfcc7be,0.0403,0.0,0.098,1695,38,7
861,dcfcc7be,0.0478,0.1,0.0943,1695,38,7
862,dcfcc7be,0.033,0.2,0.1268,1695,38,7
863,dcfcc7be,0.3818,0.4,0.0917,1695,38,7
864,dcfcc7be,0.0445,0.0,0.1071,1695,38,7
865,dcfcc7be,0.3248,0.3,0.1028,1695,38,7
866,dcfcc7be,0.0488,0.0,0.1014,1695,38,7
867,dcfcc7be,0.2192,0.5,0.0892,1695,38,7
868,dcfcc7be,0.2364,0.4,0.1014,1695,38,7
869,dcfcc7be,0.0445,0.0,0.1027,1695,38,7
870,dcfcc7be,0.0294,0.0,0.1192,1695,38,7
871,dcfcc7be,981.1346,0.0,0.1048,1695,38,7
872,dcfcc7be,0.0546,0.0,0.1115,1695,38,7
873,dcfcc7be,0.0135,0.0,0.1077,1695,38,7
874,dcfcc7be,0.0083,0.0,0.1016,1695,38,7
875,dcfcc7be,0.0689,0.0,0.0984,1695,38,7
876,dcfcc7be,0.0858,0.0,0.0933,1695,38,7
877,dcfcc7be,0.042,0.1,0.0817,1695,38,7
878,dcfcc7be,0.0063,0.0,0.086,1695,38,7
879,dcfcc7be,0.0048,0.0,0.1071,1695,38,7
880,dcfcc7be,94.5977,0.0,0.1735,1695,38,7
881,dcfcc7be,0.0089,0.0,0.104,1695,38,7
882,dcfcc7be,0.0095,0.0,0.1079,1695,38,7
883,dcfcc7be,0.0749,0.2,0.0948,1695,38,7
884,dcfcc7be,0.1282,0.2,0.1011,1695,38,7
885,dcfcc7be,0.0233,0.0,0.1107,1695,38,7
886,dcfcc7be,0.0045,0.0,0.1066,1695,38,7
887,dcfcc7be,0.049,0.0,0.0983,1695,38,7
888,dcfcc7be,228.2099,0.3,0.1106,1695,38,7
889,dcfcc7be,415.594,0.3,0.2287,1695,38,7
890,dcfcc7be,0.0442,0.0,0.1081,1695,38,7
891,dcfcc7be,0.0871,0.1,0.1132,1695,38,7
892,dcfcc7be,0.0723,0.1,0.1014,1695,38,7
893,dcfcc7be,156.4861,0.0,0.3829,1695,38,7
894,dcfcc7be,252.161,0.0,0.1145,1695,38,7
895,dcfcc7be,0.0104,0.0,0.1248,1695,38,7
896,dcfcc7be,234.1082,0.0,0.3262,1695,38,7
897,dcfcc7be,0.0403,0.0,0.12,1695,38,7
898,dcfcc7be,0.1952,0.0,0.1129,1695,38,7
899,dcfcc7be,0.1076,0.0,0.1025,1695,38,7
900,dcfcc7be,0.0813,0.0,0.1063,1695,38,7
901,dcfcc7be,0.0776,0.0,0.1138,1695,38,7
902,dcfcc7be,0.0127,0.0,0.0972,1695,38,7
903,5dbe5d08,0.0516,0.0,0.1069,983,17,2
904,5dbe5d08,989.4913,0.0,0.115,983,17,2
905,5dbe5d08,224.1234,0.1,0.1333,983,17,2
906,5dbe5d08,0.0386,0.0,0.1185,983,17,2
907,5dbe5d08,0.1575,0.0,0.121,983,17,2
908,5dbe5d08,0.0728,0.2,0.1034,983,17,2
909,5dbe5d08,0.3726,0.0,0.1051,983,17,2
910,5dbe5d08,0.1406,0.0,0.1104,983,17,2
911,5dbe5d08,0.0108,0.0,0.1053,983,17,2
912,5dbe5d08,0.0617,0.0,0.1094,983,17,2
913,5dbe5d08,916.6793,0.0,0.1146,983,17,2
914,5dbe5d08,27.3536,0.0,0.1165,983,17,2
915,5dbe5d08,0.0383,0.0,0.123,983,17,2
916,5dbe5d08,0.0341,0.0,0.1028,983,17,2
917,5dbe5d08,0.0264,0.0,0.0945,983,17,2
918,5dbe5d08,0.0043,0.0,0.0994,983,17,2
919,5dbe5d08,292.6852,0.0,0.1454,983,17,2
920,5dbe5d08,19.0393,0.0,0.1198,983,17,2
921,5dbe5d08,27.2397,0.0,0.1171,983,17,2
922,5dbe5d08,0.008,0.0,0.1034,983,17,2
923,5dbe5d08,0.0274,0.0,0.0765,983,17,2
924,5dbe5d08,0.0749,0.3,0.1027,983,17,2
925,5dbe5d08,0.0277,0.0,0.1254,983,17,2
926,5dbe5d08,0.0095,0.0,0.0914,983,17,2
927,5dbe5d08,0.2465,0.0,0.1078,983,17,2
928,5dbe5d08,0.0033,0.0,0.0977,983,17,2
929,5dbe5d08,0.0281,0.0,0.0835,983,17,2
930,5dbe5d08,0.0818,0.0,0.0823,983,17,2
931,5dbe5d08,0.0131,0.0,0.0902,983,17,2
932,5dbe5d08,0.0348,0.0,0.1057,983,17,2
933,5dbe5d08,143.078,0.0,0.1048,983,17,2
934,5dbe5d08,982.8573,0.0,0.1067,983,17,2
935,5dbe5d08,0.0237,0.0,0.0964,983,17,2
936,5dbe5d08,0.0073,0.0,0.0978,983,17,2
937,5dbe5d08,0.0396,0.0,0.1015,983,17,2
938,5dbe5d08,0.0447,0.0,0.0944,983,17,2
939,5dbe5d08,0.0181,0.0,0.0958,983,17,2
940,5dbe5d08,0.0803,0.2,0.0923,983,17,2
941,5dbe5d08,0.1424,0.0,0.1062,983,17,2
942,5dbe5d08,0.0077,0.0,0.0921,983,17,2
943,5dbe5d08,684.1481,0.0,0.1451,983,17,2
