session_id,iki_variance,backspace_ratio,dwell_time,typing_speed,mouse_activity,click_count,app_switch_rate,fatigue_label
4b708a3f,842.3651,0.0,0.1789,6.78,310,36,7,5
2702b0ca,3.1488,0.3,0.1268,66.53,0,0,9,3
2702b0ca,0.0274,0.0,0.0935,268.82,0,0,9,3
2702b0ca,0.0115,0.0,0.0983,315.37,0,0,9,3
2702b0ca,0.0562,0.5,0.0764,193.16,0,0,9,3
2702b0ca,30.9284,0.0,0.1871,30.95,0,0,9,3
c748451e,1182.182,0.0,0.4011,3.41,0,0,7,2
c748451e,23.2466,0.0,0.3782,23.71,0,0,7,2
c748451e,1106.1157,0.0,0.3805,3.26,0,0,7,2
00495c7f,106.7756,0.0,0.1775,18.14,0,0,5,3
8b13abc9,4633.757,0.0,0.1472,2.91,1031,50,5,7
8b13abc9,0.0096,0.0,0.1194,346.73,0,0,5,7
363234e5,5.2386,0.0,0.1152,66.87,23,2,5,8
363234e5,0.0375,0.0,0.1164,224.04,0,0,5,8
363234e5,0.0065,0.0,0.1236,388.12,0,0,5,8
363234e5,0.0928,0.0,0.0884,204.1,0,0,5,8
363234e5,0.058,0.0,0.1393,193.06,0,0,5,8
363234e5,0.1167,0.2,0.096,153.54,0,0,5,8
363234e5,0.0162,0.0,0.0897,273.46,0,0,5,8
363234e5,41.28,0.0,0.0926,27.69,56,4,5,8
363234e5,0.0797,0.0,0.1081,212.3,0,0,5,8
363234e5,17.9183,0.0,0.1358,25.87,94,6,5,8
363234e5,15957.1064,0.0,0.1975,1.55,73,2,5,8
e74bb9ea,9469.2192,0.0,0.1072,1.48,189,2,3,1
e74bb9ea,0.1292,0.2,0.1024,166.58,0,0,3,1
e74bb9ea,0.3448,0.2,0.1086,116.1,0,0,3,1
e74bb9ea,0.0039,0.0,0.0931,349.39,0,0,3,1
e74bb9ea,4.5474,0.0,0.0937,70.41,30,4,3,1
e74bb9ea,0.0154,0.0,0.1008,352.55,0,0,3,1
e74bb9ea,1.6213,0.0,0.1347,103.06,20,2,3,1
ca653e9f,5.2498,0.0,0.1448,65.47,39,4,8,2
ca653e9f,0.0091,0.0,0.1059,377.72,0,0,8,2
ca653e9f,17.2582,0.0,0.1163,32.59,73,10,8,2
ca653e9f,5.8363,0.0,0.1223,63.98,42,4,8,2
ca653e9f,836.071,0.0,0.1872,6.74,73,10,8,2
ca653e9f,0.0376,0.0,0.1056,247.94,0,0,8,2
ca653e9f,917.1126,0.0,0.0894,6.47,50,4,8,2
ac76577c,7041.9994,0.0,0.3102,2.26,76,6,8,7
ac76577c,7.1163,0.1,0.2352,39.82,43,2,8,7
eb39aff8,20363.0725,0.0,0.5364,1.38,181,10,10,2
3a29812f,3196.4246,0.0,0.36,2.82,118,10,7,5
3a29812f,2.3039,0.0,0.1174,53.92,32,4,7,5
2634c63a,3.3409,0.2,0.1754,70.87,26,4,10,4
2634c63a,0.0047,0.0,0.0998,280.05,2,0,10,4
2634c63a,0.2336,0.0,0.1336,172.13,1,0,10,4
2634c63a,21244.3914,0.0,0.1785,1.31,162,12,10,4
c5ebf1b9,4625.5161,0.0,0.646,2.39,169,4,17,9
c5ebf1b9,2.9905,0.0,0.361,80.84,15,2,17,9
c5ebf1b9,4696.0668,0.0,0.6434,2.86,182,12,17,9
c5ebf1b9,32.3065,0.1,0.9595,35.88,30,2,17,9
c5ebf1b9,3301.6492,0.0,0.088,3.15,128,8,17,9
8a11a8c1,6187.0099,0.0,0.1934,2.53,367,22,7,5
8a11a8c1,6.2407,0.0,0.1067,55.68,32,6,7,5
6406fe52,8.5579,0.0,0.215,44.48,20,2,7,9
6406fe52,0.0333,0.0,0.1115,149.4,0,0,7,9
6406fe52,0.008,0.0,0.1373,188.2,0,0,7,9
6406fe52,0.5485,0.0,0.1163,131.81,0,0,7,9
6406fe52,1448.1878,0.0,0.3463,4.65,198,8,7,9
89e4fe9e,0.3505,0.0,0.2669,106.83,0,0,9,8
89e4fe9e,1098.8943,0.0,0.2357,4.38,154,8,9,8
89e4fe9e,1.3693,0.0,0.2162,42.02,0,0,9,8
4aeb0810,536.8874,0.0,0.2849,5.99,478,58,12,6
4aeb0810,2.3985,0.0,0.5965,126.67,0,0,12,6
4aeb0810,0.0364,0.1,0.1084,210.68,0,0,12,6
4aeb0810,5.3132,0.1,0.0976,63.79,2,0,12,6
4aeb0810,25.5929,0.0,0.1802,22.31,87,8,12,6
4aeb0810,0.002,0.0,0.1026,467.25,0,0,12,6
4aeb0810,0.0251,0.2,0.1098,223.75,0,0,12,6
4aeb0810,0.3854,0.0,0.099,172.92,0,0,12,6
4aeb0810,0.0377,0.0,0.1104,239.21,0,0,12,6
4aeb0810,47.1989,0.0,0.1023,26.22,0,0,12,6
4aeb0810,0.0148,0.0,0.091,253.81,0,0,12,6
4aeb0810,1.8043,0.0,0.0903,112.16,15,2,12,6
d2591586,8.8396,0.0,0.1357,58.88,26,0,3,9
d2591586,0.0099,0.0,0.1123,325.26,0,0,3,9
d2591586,0.0026,0.0,0.0888,481.66,0,0,3,9
d2591586,0.0896,0.4,0.0714,171.17,0,0,3,9
d2591586,0.0837,0.0,0.0876,274.68,0,0,3,9
d2591586,0.0095,0.0,0.0966,370.41,0,0,3,9
d2591586,0.053,0.1,0.0812,192.8,0,0,3,9
d2591586,0.0398,0.3,0.0785,192.07,0,0,3,9
d2591586,0.0066,0.0,0.0975,292.72,0,0,3,9
d2591586,0.0179,0.0,0.097,262.87,0,0,3,9
d2591586,0.0037,0.0,0.1047,371.84,0,0,3,9
d2591586,0.0033,0.0,0.1026,335.56,0,0,3,9
d2591586,394.7699,0.0,0.0903,9.68,305,0,3,9
d2591586,0.038,0.1,0.1139,221.38,0,0,3,9
d2591586,0.5885,0.0,0.114,146.12,0,0,3,9
d2591586,0.0093,0.0,0.0971,357.55,0,0,3,9
d2591586,0.0495,0.1,0.1027,205.31,0,0,3,9
d2591586,0.0076,0.0,0.0906,372.66,0,0,3,9
d2591586,0.0141,0.0,0.1042,358.15,0,0,3,9
d2591586,0.0023,0.0,0.1142,319.67,0,0,3,9
d2591586,0.0213,0.0,0.113,340.58,0,0,3,9
d2591586,0.2277,0.1,0.16,153.07,0,0,3,9
395b1b29,578.7417,0.0,0.3216,5.63,389,68,8,3
502da38c,13.8375,0.0,0.3227,35.35,58,18,5,5
502da38c,0.0296,0.2,0.0886,270.16,0,0,5,5
502da38c,0.0266,0.4,0.0848,236.76,0,0,5,5
502da38c,0.002,0.0,0.0929,341.74,0,0,5,5
502da38c,0.0186,0.1,0.0937,352.17,0,0,5,5
502da38c,0.0744,0.3,0.0935,208.61,0,0,5,5
502da38c,0.0179,0.2,0.1087,272.06,0,0,5,5
502da38c,0.0627,0.2,0.1036,242.7,0,0,5,5
502da38c,0.0464,0.0,0.0976,255.1,0,0,5,5
502da38c,0.2324,0.0,0.088,180.42,0,0,5,5
502da38c,0.113,0.0,0.1115,221.89,0,0,5,5
502da38c,0.0029,0.0,0.1079,396.74,0,0,5,5
502da38c,0.1032,0.1,0.0901,161.48,0,0,5,5
502da38c,0.0062,0.0,0.1067,302.69,0,0,5,5
502da38c,0.0039,0.0,0.1014,284.1,0,0,5,5
164280bd,11.5656,0.0,0.2831,46.37,54,6,3,6
164280bd,0.0934,0.1,0.1101,213.38,0,0,3,6
164280bd,0.0009,0.0,0.1217,411.6,0,0,3,6
164280bd,0.0237,0.1,0.1112,258.44,0,0,3,6
164280bd,0.0778,0.2,0.107,173.45,0,0,3,6
c6148561,0.3423,0.1,0.1681,147.72,0,0,3,2
c6148561,0.0026,0.0,0.1109,406.66,0,0,3,2
c6148561,0.0075,0.0,0.0852,340.95,0,0,3,2
c6148561,0.0385,0.3,0.0857,211.13,0,0,3,2
c6148561,0.0687,0.2,0.111,192.38,0,0,3,2
c6148561,0.0339,0.0,0.1023,308.03,0,0,3,2
c6148561,0.0679,0.0,0.1098,186.69,0,0,3,2
c6148561,0.003,0.0,0.1229,367.19,0,0,3,2
c6148561,262.5109,0.2,0.0762,10.64,121,2,3,2
cee7b255,19.2447,0.0,0.1725,37.84,0,0,6,6
cee7b255,0.0034,0.0,0.1197,312.13,0,0,6,6
cee7b255,0.644,0.1,0.1119,133.54,0,0,6,6
cee7b255,63.98,0.0,0.1038,17.73,0,0,6,6
cee7b255,144.7847,0.2,0.2581,13.77,91,12,6,6
cee7b255,0.0614,0.0,0.1249,252.55,0,0,6,6
cee7b255,0.0141,0.0,0.1346,310.17,0,0,6,6
cee7b255,0.0489,0.0,0.1113,203.25,0,0,6,6
cee7b255,0.1324,0.0,0.1028,183.75,1,0,6,6
cee7b255,0.0462,0.1,0.0966,226.95,0,0,6,6
cee7b255,0.0028,0.0,0.1228,328.56,0,0,6,6
0f9f0f14,706.2645,0.0,0.1505,7.34,485,4,5,6
0f9f0f14,0.0029,0.0,0.1024,367.04,0,0,5,6
0f9f0f14,0.0319,0.0,0.1163,273.0,0,0,5,6
0f9f0f14,0.0072,0.0,0.119,339.25,0,0,5,6
0f9f0f14,0.0037,0.0,0.0983,330.06,0,0,5,6
0f9f0f14,0.0026,0.0,0.1031,386.58,0,0,5,6
0f9f0f14,0.0137,0.0,0.1178,370.72,0,0,5,6
0f9f0f14,0.0042,0.0,0.1128,353.05,0,0,5,6
0f9f0f14,0.3724,0.1,0.1296,143.59,0,0,5,6
0f9f0f14,28.6633,0.0,0.2494,30.32,7,0,5,6
a6316d92,243.8778,0.0,0.3874,8.8,294,18,7,6
9e1c5ae8,2536.7374,0.0,0.4138,3.78,26,0,7,1
a5eba401,1.214,0.0,0.1963,100.6,4,0,3,8
a5eba401,0.0022,0.0,0.0938,379.3,0,0,3,8
a5eba401,0.0824,0.0,0.1089,208.62,0,0,3,8
a5eba401,0.033,0.1,0.0956,211.45,0,0,3,8
de1b994c,12.4287,0.0,0.4451,39.91,42,2,7,3
de1b994c,665.7862,0.0,0.4395,4.8,413,22,7,3
43019d59,126.3539,0.0,0.196,16.25,142,4,3,2
43019d59,0.0758,0.1,0.0935,188.08,0,0,3,2
43019d59,0.0068,0.0,0.0787,327.84,0,0,3,2
43019d59,0.0294,0.1,0.0797,236.57,0,0,3,2
ed838afc,140.0472,0.2,0.1962,15.95,189,16,6,1
ed838afc,0.0147,0.0,0.1068,305.81,0,0,6,1
ed838afc,0.053,0.0,0.0914,190.94,0,0,6,1
ed838afc,0.6346,0.0,0.2539,110.02,6,0,6,1
c18be296,1.1287,0.0,0.2671,146.4,0,0,7,4
c18be296,0.0188,0.0,0.0978,207.91,0,0,7,4
c18be296,0.4297,0.0,0.0782,160.94,0,0,7,4
c18be296,0.3024,0.0,0.1693,148.52,0,0,7,4
e390f89a,846.9369,0.0,0.187,6.73,154,8,6,7
e390f89a,0.0075,0.0,0.1002,312.82,0,0,6,7
e390f89a,0.0106,0.0,0.0971,312.56,0,0,6,7
e5331768,27.2473,0.1,0.4593,24.8,80,4,4,3
e5331768,0.0153,0.0,0.1115,289.58,0,0,4,3
e5331768,0.0124,0.0,0.0999,259.3,0,0,4,3
e5331768,0.0235,0.0,0.105,288.47,0,0,4,3
e5331768,0.0084,0.0,0.1026,411.44,0,0,4,3
e5331768,0.0603,0.1,0.1067,199.82,0,0,4,3
52c95eeb,365.5921,0.0,0.3524,4.59,105,8,6,9
1237f372,0.0218,0.0,0.0884,538.68,0,0,1,8
1237f372,0.0102,0.0,0.0761,1222.32,0,0,1,8
1237f372,0.002,0.0,0.0546,1569.37,0,0,1,8
1237f372,0.004,0.0,0.0717,1222.39,0,0,1,8
1237f372,0.004,0.0,0.0597,1719.83,0,0,1,8
1237f372,0.007,0.0,0.0708,1110.89,0,0,1,8
1237f372,0.0071,0.0,0.0802,1498.94,0,0,1,8
1237f372,0.0022,0.0,0.0572,1485.13,0,0,1,8
1237f372,0.0049,0.0,0.0498,1394.99,0,0,1,8
1237f372,0.0031,0.0,0.049,1494.25,0,0,1,8
1237f372,0.0028,0.0,0.0447,1594.93,0,0,1,8
1237f372,0.0024,0.0,0.0404,1493.27,0,0,1,8
1237f372,0.0054,0.0,0.0658,1567.78,0,0,1,8
1237f372,0.0041,0.0,0.0415,1769.19,0,0,1,8
1237f372,0.0033,0.0,0.0643,1754.35,0,0,1,8
1237f372,0.0012,0.0,0.0286,1660.73,0,0,1,8
1237f372,0.0035,0.0,0.0439,1658.92,0,0,1,8
2832cbb5,0.3585,0.0,0.1399,166.57,0,0,4,6
ef4b26d9,264.3845,0.0,0.1448,11.6,45,2,4,9
ef4b26d9,3.986,0.0,0.1167,54.44,0,0,4,9
4c1b83ed,1.8911,0.0,0.1718,79.62,9,2,4,4
4c1b83ed,0.0146,0.1,0.1142,247.73,1,0,4,4
4c1b83ed,0.0421,0.1,0.1065,218.17,0,0,4,4
4c1b83ed,131.7813,0.0,0.2016,16.42,71,2,4,4
4c1b83ed,6.0134,0.0,0.362,33.72,67,6,4,4
41a5605f,15.8375,0.0,0.2924,21.43,110,6,6,5
41a5605f,7.0694,0.0,0.1723,35.22,64,8,6,5
41a5605f,6.0055,0.2,0.0985,35.6,56,16,6,5
41a5605f,2.4469,0.2,0.1393,40.55,28,6,6,5
9ce42651,45.2629,0.0,0.3101,16.08,127,4,7,6
9ce42651,0.9807,0.0,0.1208,83.64,15,4,7,6
9ce42651,0.6249,0.0,0.121,124.59,11,2,7,6
9ce42651,1.9527,0.0,0.239,54.93,37,4,7,6
3c0f2088,222.9537,0.0,0.4794,8.68,287,4,9,4
3c0f2088,5.63,0.2,0.3434,31.85,94,8,9,4
